bin,ret_ew,ret_vw
1,-0.014327802670785676,-0.013193864607955403
2,-0.0033572388893255687,-0.0032785232645990265
3,0.0008396300627210165,0.000958916466083907
4,0.006734234998625086,0.006851066019863763
5,0.01485219416363425,0.015995260016330063
L‑S,0.029179996834419925,0.029189124624285467
